Date,Ticker,Open,High,Low,Close,Volume,Daily Return (%),MA5,MA10
2026-06-08 00:00:00-04:00,AAPL,308.74,317.4,301.17,301.54,77949100,-2.33,,
2026-06-09 00:00:00-04:00,AAPL,300.28,300.75,287.78,290.55,70108800,-3.24,,
2026-06-10 00:00:00-04:00,AAPL,290.74,294.75,287.38,291.58,52793300,0.29,,
2026-06-11 00:00:00-04:00,AAPL,293.72,297.0,289.59,295.63,42572500,0.65,,
2026-06-12 00:00:00-04:00,AAPL,296.03,297.14,289.62,291.13,38742100,-1.66,294.086,
2026-06-15 00:00:00-04:00,AAPL,294.12,297.78,291.7,296.42,45732600,0.78,293.062,
2026-06-16 00:00:00-04:00,AAPL,295.25,300.48,293.97,299.24,39874400,1.35,294.8,
2026-06-17 00:00:00-04:00,AAPL,300.85,302.07,294.36,295.95,42745100,-1.63,295.674,
2026-06-18 00:00:00-04:00,AAPL,298.11,300.57,295.62,298.01,85962200,-0.03,296.15,
2026-06-22 00:00:00-04:00,AAPL,297.31,302.42,296.76,297.01,44879900,-0.1,297.32599999999996,295.706
2026-06-23 00:00:00-04:00,AAPL,297.54,301.64,294.18,294.3,52010900,-1.09,296.90200000000004,294.982
2026-06-24 00:00:00-04:00,AAPL,295.36,299.7,292.94,293.08,53081900,-0.77,295.66999999999996,295.235
2026-06-25 00:00:00-04:00,AAPL,287.4,288.8,273.75,275.15,107013700,-4.26,291.51,293.592
2026-06-26 00:00:00-04:00,AAPL,275.0,285.95,274.21,283.78,261775500,3.19,288.664,292.407
2026-06-29 00:00:00-04:00,AAPL,286.73,288.37,279.85,281.74,66427000,-1.74,285.61,291.468
2026-06-30 00:00:00-04:00,AAPL,281.17,289.94,280.7,289.36,65100200,2.91,284.622,290.762
2026-07-01 00:00:00-04:00,AAPL,293.44,296.59,289.2,294.38,50164200,0.32,284.88199999999995,290.27599999999995
2026-07-02 00:00:00-04:00,AAPL,294.12,309.42,293.68,308.63,75352800,4.93,291.57800000000003,291.544
2026-07-06 00:00:00-04:00,AAPL,307.36,314.2,307.0,312.66,53590000,1.72,297.354,293.00899999999996
2026-07-07 00:00:00-04:00,AAPL,315.29,315.48,310.15,310.66,42426500,-1.47,303.13800000000003,294.374
2026-06-08 00:00:00-04:00,ADBE,249.06,250.74,244.25,244.99,4728000,-1.63,,
2026-06-09 00:00:00-04:00,ADBE,242.98,245.25,233.33,237.88,6747400,-2.1,,
2026-06-10 00:00:00-04:00,ADBE,233.02,238.51,231.74,233.38,5176900,0.15,,
2026-06-11 00:00:00-04:00,ADBE,229.92,232.5,218.09,218.8,17786900,-4.84,,
2026-06-12 00:00:00-04:00,ADBE,202.4,205.65,196.9,204.02,25030700,0.8,227.814,
2026-06-15 00:00:00-04:00,ADBE,206.88,211.99,205.72,206.36,9676900,-0.25,220.08800000000002,
2026-06-16 00:00:00-04:00,ADBE,205.38,210.8,203.84,207.32,7214600,0.94,213.97600000000003,
2026-06-17 00:00:00-04:00,ADBE,204.02,206.5,195.02,196.28,10731500,-3.79,206.55599999999998,
2026-06-18 00:00:00-04:00,ADBE,193.6,196.78,190.12,195.16,15852500,0.81,201.82800000000003,
2026-06-22 00:00:00-04:00,ADBE,193.39,199.25,191.2,194.9,8282600,0.78,200.004,213.90900000000002
2026-06-23 00:00:00-04:00,ADBE,197.96,200.55,195.35,197.43,6910500,-0.27,198.218,209.15300000000002
2026-06-24 00:00:00-04:00,ADBE,195.89,202.41,195.1,196.57,6947400,0.35,196.068,205.022
2026-06-25 00:00:00-04:00,ADBE,193.0,199.3,191.8,193.41,6957500,0.21,195.49399999999997,201.025
2026-06-26 00:00:00-04:00,ADBE,195.48,203.48,195.29,202.73,9172100,3.71,197.00799999999998,199.418
2026-06-29 00:00:00-04:00,ADBE,206.67,209.54,204.34,206.43,7527300,-0.12,199.314,199.65900000000002
2026-06-30 00:00:00-04:00,ADBE,204.1,205.6,201.31,205.02,6269500,0.45,200.832,199.525
2026-07-01 00:00:00-04:00,ADBE,209.43,213.66,207.06,210.98,5863800,0.74,203.714,199.89100000000002
2026-07-02 00:00:00-04:00,ADBE,215.55,222.15,213.74,219.72,7903100,1.93,208.97600000000003,202.235
2026-07-06 00:00:00-04:00,ADBE,216.1,219.76,212.9,218.07,4800200,0.91,212.044,204.526
2026-07-07 00:00:00-04:00,ADBE,221.16,230.74,220.29,221.54,8610700,0.17,215.06599999999997,207.19
2026-06-08 00:00:00-04:00,AMD,485.0,494.97,477.71,490.33,25158800,1.1,,
2026-06-09 00:00:00-04:00,AMD,502.75,505.0,437.23,475.51,37799800,-5.42,,
2026-06-10 00:00:00-04:00,AMD,467.97,477.45,448.33,452.4,27777400,-3.33,,
2026-06-11 00:00:00-04:00,AMD,461.6,490.46,458.02,488.45,30463100,5.82,,
2026-06-12 00:00:00-04:00,AMD,499.69,521.71,494.0,511.57,31553100,2.38,483.65199999999993,
2026-06-15 00:00:00-04:00,AMD,535.75,558.37,530.5,547.26,33482400,2.15,495.038,
2026-06-16 00:00:00-04:00,AMD,546.89,548.95,507.25,507.29,28411700,-7.24,501.39400000000006,
2026-06-17 00:00:00-04:00,AMD,529.66,532.5,507.3,512.48,27085300,-3.24,513.4100000000001,
2026-06-18 00:00:00-04:00,AMD,531.58,539.69,526.32,537.37,43805600,1.09,523.1940000000001,
2026-06-22 00:00:00-04:00,AMD,545.5,562.99,535.71,551.63,25983200,1.12,531.2059999999999,507.429
2026-06-23 00:00:00-04:00,AMD,509.08,528.49,506.81,519.85,30196800,2.12,525.7239999999999,510.38100000000003
2026-06-24 00:00:00-04:00,AMD,520.82,524.96,503.5,519.74,26548300,-0.21,528.2139999999999,514.804
2026-06-25 00:00:00-04:00,AMD,543.93,550.88,507.0,532.57,27031300,-2.09,532.2320000000001,522.821
2026-06-26 00:00:00-04:00,AMD,519.8,525.11,502.61,521.58,52705100,0.34,529.074,526.134
2026-06-29 00:00:00-04:00,AMD,522.84,542.19,495.35,539.49,26671000,3.18,526.646,528.926
2026-06-30 00:00:00-04:00,AMD,545.57,584.73,545.57,580.91,34488500,6.48,538.858,532.2909999999999
2026-07-01 00:00:00-04:00,AMD,557.53,564.09,538.74,540.88,28326800,-2.99,543.086,535.65
2026-07-02 00:00:00-04:00,AMD,538.16,547.65,506.0,517.82,28142500,-3.78,540.1360000000001,536.184
2026-07-06 00:00:00-04:00,AMD,535.35,572.5,527.0,552.05,30684200,3.12,546.23,537.652
2026-07-07 00:00:00-04:00,AMD,515.91,524.97,503.11,516.11,29062100,0.04,541.554,534.1
2026-06-08 00:00:00-04:00,AMZN,246.68,249.42,243.36,245.22,33899500,-0.59,,
2026-06-09 00:00:00-04:00,AMZN,247.73,250.43,240.4,244.19,44425400,-1.43,,
2026-06-10 00:00:00-04:00,AMZN,243.61,244.07,237.45,238.0,38590200,-2.3,,
2026-06-11 00:00:00-04:00,AMZN,237.93,242.14,235.18,241.51,41335400,1.5,,
2026-06-12 00:00:00-04:00,AMZN,243.21,243.36,233.59,238.55,51186600,-1.92,241.494,
2026-06-15 00:00:00-04:00,AMZN,245.02,247.81,244.73,246.02,41711600,0.41,241.654,
2026-06-16 00:00:00-04:00,AMZN,248.0,249.51,245.45,246.0,35187400,-0.81,242.016,
2026-06-17 00:00:00-04:00,AMZN,244.9,245.91,236.0,237.5,44780800,-3.02,241.916,
2026-06-18 00:00:00-04:00,AMZN,240.12,245.73,236.02,244.39,75624400,1.78,242.49200000000002,
2026-06-22 00:00:00-04:00,AMZN,240.08,242.0,232.24,232.79,68388500,-3.04,241.34,241.417
2026-06-23 00:00:00-04:00,AMZN,232.55,236.87,232.0,234.11,60492600,0.67,238.958,240.30600000000004
2026-06-24 00:00:00-04:00,AMZN,233.85,242.42,232.95,234.27,70282600,0.18,236.612,239.31400000000002
2026-06-25 00:00:00-04:00,AMZN,232.02,232.32,225.55,227.01,77674100,-2.16,234.51399999999998,238.215
2026-06-26 00:00:00-04:00,AMZN,227.21,233.9,226.13,232.69,248372100,2.41,232.17399999999998,237.333
2026-06-29 00:00:00-04:00,AMZN,234.22,249.71,233.8,240.14,77619200,2.53,233.644,237.49200000000002
2026-06-30 00:00:00-04:00,AMZN,237.35,241.54,237.17,238.34,66228300,0.42,234.49,236.724
2026-07-01 00:00:00-04:00,AMZN,239.75,244.9,234.9,241.7,53829900,0.81,235.97600000000003,236.29399999999995
2026-07-02 00:00:00-04:00,AMZN,241.61,246.72,241.08,242.67,48246400,0.44,239.108,236.81099999999998
2026-07-06 00:00:00-04:00,AMZN,243.8,246.04,240.88,244.16,40044000,0.15,241.402,236.78799999999995
2026-07-07 00:00:00-04:00,AMZN,246.98,248.93,242.7,245.98,40504100,-0.4,242.57,238.10699999999997
2026-06-08 00:00:00-04:00,AVGO,401.98,402.2,390.73,395.97,37099000,-1.5,,
2026-06-09 00:00:00-04:00,AVGO,400.98,407.23,369.74,391.54,37026900,-2.35,,
2026-06-10 00:00:00-04:00,AVGO,380.9,385.2,370.58,371.51,38193500,-2.47,,
2026-06-11 00:00:00-04:00,AVGO,372.23,388.88,369.96,384.96,35187600,3.42,,
2026-06-12 00:00:00-04:00,AVGO,383.11,384.37,376.4,381.47,27600900,-0.43,385.09000000000003,
2026-06-15 00:00:00-04:00,AVGO,394.89,395.57,387.99,393.32,32394200,-0.4,384.56,
2026-06-16 00:00:00-04:00,AVGO,389.59,391.17,375.87,376.11,31573700,-3.46,381.47400000000005,
2026-06-17 00:00:00-04:00,AVGO,388.1,400.02,382.05,392.28,40005500,1.08,385.62800000000004,
2026-06-18 00:00:00-04:00,AVGO,408.93,412.05,404.74,410.7,45076100,0.43,390.776,
2026-06-22 00:00:00-04:00,AVGO,413.66,414.64,391.91,392.13,26403700,-5.2,392.908,388.99899999999997
2026-06-23 00:00:00-04:00,AVGO,377.87,391.02,376.66,380.15,33122200,0.6,390.274,387.417
2026-06-24 00:00:00-04:00,AVGO,386.62,388.74,376.96,382.07,29938700,-1.18,391.466,386.46999999999997
2026-06-25 00:00:00-04:00,AVGO,386.58,388.8,372.7,378.91,23353700,-1.98,388.79200000000003,387.21
2026-06-26 00:00:00-04:00,AVGO,370.45,373.69,363.83,365.02,34839300,-1.47,379.65600000000006,385.216
2026-06-29 00:00:00-04:00,AVGO,373.62,376.21,360.46,372.45,24285200,-0.31,375.71999999999997,384.31399999999996
2026-06-30 00:00:00-04:00,AVGO,374.79,379.62,370.64,377.75,28517400,0.79,375.23999999999995,382.757
2026-07-01 00:00:00-04:00,AVGO,371.87,373.75,368.03,369.34,23712600,-0.68,372.69399999999996,382.08
2026-07-02 00:00:00-04:00,AVGO,365.73,374.0,356.43,360.45,26749500,-1.44,369.002,378.89700000000005
2026-07-06 00:00:00-04:00,AVGO,373.61,383.16,371.18,373.9,24544000,0.08,370.77799999999996,375.217
2026-07-07 00:00:00-04:00,AVGO,366.56,372.96,362.01,370.78,24064300,1.15,370.444,373.082
2026-06-08 00:00:00-04:00,CRM,183.44,184.54,181.24,182.08,11177800,-0.74,,
2026-06-09 00:00:00-04:00,CRM,179.04,181.99,171.12,174.9,15427800,-2.31,,
2026-06-10 00:00:00-04:00,CRM,170.16,175.08,169.59,170.48,10820500,0.19,,
2026-06-11 00:00:00-04:00,CRM,168.27,168.98,163.31,166.45,16666000,-1.08,,
2026-06-12 00:00:00-04:00,CRM,164.74,166.54,161.4,165.89,13589400,0.7,171.95999999999998,
2026-06-15 00:00:00-04:00,CRM,166.03,169.95,164.17,164.55,13541800,-0.89,168.454,
2026-06-16 00:00:00-04:00,CRM,164.06,166.3,160.5,161.71,16385300,-1.43,165.81599999999997,
2026-06-17 00:00:00-04:00,CRM,160.25,161.43,154.23,155.02,19986200,-3.26,162.724,
2026-06-18 00:00:00-04:00,CRM,152.73,154.47,149.8,151.78,57940800,-0.62,159.79000000000002,
2026-06-22 00:00:00-04:00,CRM,150.16,153.87,146.32,150.12,20502800,-0.03,156.63600000000002,164.298
2026-06-23 00:00:00-04:00,CRM,151.65,155.18,150.85,153.42,20720700,1.17,154.41,161.43200000000002
2026-06-24 00:00:00-04:00,CRM,151.81,157.06,150.4,152.76,13146800,0.63,152.61999999999998,159.21800000000002
2026-06-25 00:00:00-04:00,CRM,150.01,154.0,148.78,150.19,11324700,0.12,151.654,157.189
2026-06-26 00:00:00-04:00,CRM,151.49,158.46,151.49,158.37,21267900,4.54,152.972,156.381
2026-06-29 00:00:00-04:00,CRM,160.27,161.76,157.7,157.93,12664100,-1.46,154.534,155.585
2026-06-30 00:00:00-04:00,CRM,155.09,157.69,154.07,156.66,13690500,1.01,155.18200000000002,154.796
2026-07-01 00:00:00-04:00,CRM,162.22,165.81,161.2,163.23,14164600,0.62,157.276,154.948
2026-07-02 00:00:00-04:00,CRM,163.0,167.21,162.0,166.11,10486300,1.91,160.45999999999998,156.05700000000002
2026-07-06 00:00:00-04:00,CRM,163.99,167.72,162.37,165.65,10595500,1.01,161.916,157.444
2026-07-07 00:00:00-04:00,CRM,169.22,172.38,167.68,169.52,13051300,0.18,164.234,159.384
2026-06-08 00:00:00-04:00,CSCO,123.1,125.97,121.55,123.69,24288200,0.48,,
2026-06-09 00:00:00-04:00,CSCO,122.8,123.76,116.66,119.91,22744100,-2.35,,
2026-06-10 00:00:00-04:00,CSCO,119.27,120.5,117.92,118.36,19740500,-0.76,,
2026-06-11 00:00:00-04:00,CSCO,116.74,122.09,116.07,121.38,24625500,3.97,,
2026-06-12 00:00:00-04:00,CSCO,121.89,122.33,120.28,120.65,18222800,-1.02,120.798,
2026-06-15 00:00:00-04:00,CSCO,122.1,122.13,119.08,119.72,23148000,-1.95,120.00399999999999,
2026-06-16 00:00:00-04:00,CSCO,119.84,120.32,118.76,119.12,16644300,-0.6,119.846,
2026-06-17 00:00:00-04:00,CSCO,118.52,119.21,116.5,116.89,18472000,-1.38,119.55199999999999,
2026-06-18 00:00:00-04:00,CSCO,118.16,119.87,116.86,119.09,52284400,0.79,119.09400000000001,
2026-06-22 00:00:00-04:00,CSCO,119.15,121.63,119.15,121.08,20174100,1.62,119.17999999999999,119.989
2026-06-23 00:00:00-04:00,CSCO,118.1,121.88,117.21,120.7,22654400,2.2,119.376,119.68999999999998
2026-06-24 00:00:00-04:00,CSCO,120.12,122.43,118.59,119.28,21752900,-0.7,119.40799999999999,119.627
2026-06-25 00:00:00-04:00,CSCO,120.36,120.69,117.12,118.53,26918700,-1.52,119.73600000000002,119.644
2026-06-26 00:00:00-04:00,CSCO,116.74,116.74,112.44,113.35,51641400,-2.9,118.58800000000001,118.84100000000001
2026-06-29 00:00:00-04:00,CSCO,114.55,117.74,114.3,117.26,22447200,2.37,117.824,118.502
2026-06-30 00:00:00-04:00,CSCO,116.34,118.66,115.77,117.02,32465500,0.58,117.088,118.232
2026-07-01 00:00:00-04:00,CSCO,116.11,116.99,114.56,116.57,32016000,0.4,116.546,117.977
2026-07-02 00:00:00-04:00,CSCO,116.59,116.7,111.48,112.27,24251000,-3.71,115.29400000000001,117.51499999999999
2026-07-06 00:00:00-04:00,CSCO,113.05,115.48,112.68,113.98,22920000,0.82,115.42,117.00399999999999
2026-07-07 00:00:00-04:00,CSCO,112.79,114.03,111.67,111.79,16645700,-0.89,114.326,116.075
2026-06-08 00:00:00-04:00,DIS,98.76,99.08,97.66,98.12,7559200,-0.65,,
2026-06-09 00:00:00-04:00,DIS,98.3,99.33,97.76,98.57,8616300,0.27,,
2026-06-10 00:00:00-04:00,DIS,98.73,99.0,97.21,97.86,7041400,-0.88,,
2026-06-11 00:00:00-04:00,DIS,98.08,99.97,97.35,99.58,9264400,1.53,,
2026-06-12 00:00:00-04:00,DIS,100.29,101.0,98.78,99.28,8257200,-1.01,98.68199999999999,
2026-06-15 00:00:00-04:00,DIS,100.11,101.62,99.83,100.92,10265100,0.81,99.24199999999999,
2026-06-16 00:00:00-04:00,DIS,100.66,101.15,99.29,100.51,10694600,-0.15,99.63,
2026-06-17 00:00:00-04:00,DIS,99.9,101.58,99.68,100.09,11168700,0.19,100.076,
2026-06-18 00:00:00-04:00,DIS,101.03,103.43,100.03,103.1,22943600,2.05,100.78,
2026-06-22 00:00:00-04:00,DIS,102.62,103.52,100.74,101.67,17396300,-0.93,101.25800000000001,99.97
2026-06-23 00:00:00-04:00,DIS,101.24,103.25,101.03,102.74,14457400,1.48,101.622,100.43199999999999
2026-06-24 00:00:00-04:00,DIS,102.32,103.74,100.27,100.35,12215500,-1.93,101.59,100.61
2026-06-25 00:00:00-04:00,DIS,100.34,100.81,97.24,97.3,12054400,-3.03,101.032,100.554
2026-06-26 00:00:00-04:00,DIS,97.3,98.69,97.16,98.04,13921400,0.76,100.02,100.4
2026-06-29 00:00:00-04:00,DIS,98.95,99.28,97.75,97.88,10418100,-1.08,99.262,100.26
2026-06-30 00:00:00-04:00,DIS,97.41,97.6,95.99,96.25,12717800,-1.19,97.964,99.79299999999999
2026-07-01 00:00:00-04:00,DIS,96.55,97.76,95.65,95.71,11590400,-0.87,97.036,99.313
2026-07-02 00:00:00-04:00,DIS,96.4,99.52,95.77,99.5,11297800,3.22,97.476,99.25399999999999
2026-07-06 00:00:00-04:00,DIS,98.85,99.44,97.02,97.41,10171900,-1.46,97.35,98.685
2026-07-07 00:00:00-04:00,DIS,98.14,99.04,96.92,97.48,9929300,-0.67,97.27000000000001,98.26599999999999
2026-06-08 00:00:00-04:00,GOOGL,365.18,366.2,360.53,363.31,27942500,-0.51,,
2026-06-09 00:00:00-04:00,GOOGL,367.09,372.08,357.3,364.26,29535100,-0.77,,
2026-06-10 00:00:00-04:00,GOOGL,363.19,368.56,355.2,356.38,32357100,-1.88,,
2026-06-11 00:00:00-04:00,GOOGL,355.93,358.8,346.36,357.77,35538200,0.52,,
2026-06-12 00:00:00-04:00,GOOGL,362.62,366.57,354.94,359.68,24704600,-0.81,360.28000000000003,
2026-06-15 00:00:00-04:00,GOOGL,367.93,372.99,366.55,369.35,27727500,0.39,361.488,
2026-06-16 00:00:00-04:00,GOOGL,369.6,376.0,367.06,373.25,24876100,0.99,363.286,
2026-06-17 00:00:00-04:00,GOOGL,369.13,372.33,362.02,363.79,24543600,-1.45,364.768,
2026-06-18 00:00:00-04:00,GOOGL,365.75,369.48,358.67,368.03,44470100,0.62,366.82,
2026-06-22 00:00:00-04:00,GOOGL,357.95,358.92,341.72,349.68,52814800,-2.31,364.82000000000005,362.55
2026-06-23 00:00:00-04:00,GOOGL,340.69,349.29,340.2,346.13,34007700,1.6,360.17600000000004,360.832
2026-06-24 00:00:00-04:00,GOOGL,349.04,353.48,341.93,345.29,44997300,-1.07,354.584,358.935
2026-06-25 00:00:00-04:00,GOOGL,336.73,345.57,335.84,343.71,44491400,2.07,350.56800000000004,357.668
2026-06-26 00:00:00-04:00,GOOGL,342.55,346.36,330.2,337.39,114706300,-1.51,344.44,355.63
2026-06-29 00:00:00-04:00,GOOGL,341.83,354.35,340.67,353.65,34213900,3.46,345.23400000000004,355.027
2026-06-30 00:00:00-04:00,GOOGL,353.87,358.62,350.4,357.37,35237200,0.99,347.48199999999997,353.829
2026-07-01 00:00:00-04:00,GOOGL,358.37,362.97,356.43,361.21,26736400,0.79,350.666,352.625
2026-07-02 00:00:00-04:00,GOOGL,359.48,364.21,353.42,359.91,25974800,0.12,353.90599999999995,352.23699999999997
2026-07-06 00:00:00-04:00,GOOGL,361.55,367.93,357.38,366.46,26915800,1.36,359.71999999999997,352.08
2026-07-07 00:00:00-04:00,GOOGL,369.07,373.16,365.5,367.03,24008000,-0.55,362.39599999999996,353.815
2026-06-08 00:00:00-04:00,IBM,286.44,290.5,279.43,280.82,6790600,-1.96,,
2026-06-09 00:00:00-04:00,IBM,281.14,283.59,271.29,277.49,9007900,-1.3,,
2026-06-10 00:00:00-04:00,IBM,273.82,280.51,271.33,272.36,5497100,-0.53,,
2026-06-11 00:00:00-04:00,IBM,268.0,276.48,266.5,274.85,7558300,2.56,,
2026-06-12 00:00:00-04:00,IBM,278.94,278.94,267.68,272.24,5748900,-2.4,275.552,
2026-06-15 00:00:00-04:00,IBM,272.0,272.25,264.8,268.71,7178800,-1.21,273.13,
2026-06-16 00:00:00-04:00,IBM,270.87,276.62,268.61,270.81,4917600,-0.02,271.794,
2026-06-17 00:00:00-04:00,IBM,266.35,268.87,261.88,262.35,5537000,-1.5,269.79200000000003,
2026-06-18 00:00:00-04:00,IBM,251.38,252.47,243.68,249.1,16619700,-0.91,264.642,
2026-06-22 00:00:00-04:00,IBM,248.43,253.31,243.81,252.22,9615400,1.53,260.63800000000003,268.09499999999997
2026-06-23 00:00:00-04:00,IBM,261.58,267.53,255.26,264.94,15686100,1.28,259.884,266.50699999999995
2026-06-24 00:00:00-04:00,IBM,261.84,265.07,256.18,262.96,8149900,0.43,258.314,265.054
2026-06-25 00:00:00-04:00,IBM,267.67,268.76,256.0,258.27,8520700,-3.51,257.49799999999993,263.645
2026-06-26 00:00:00-04:00,IBM,258.94,273.14,258.28,271.63,9719900,4.9,262.004,263.323
2026-06-29 00:00:00-04:00,IBM,274.3,278.15,269.06,278.0,6464200,1.35,267.15999999999997,263.899
2026-06-30 00:00:00-04:00,IBM,273.21,282.57,271.12,281.21,7458400,2.93,270.414,265.149
2026-07-01 00:00:00-04:00,IBM,279.66,294.49,278.96,286.25,6905800,2.36,275.072,266.693
2026-07-02 00:00:00-04:00,IBM,283.14,290.93,282.28,289.52,5944100,2.25,281.322,269.40999999999997
2026-07-06 00:00:00-04:00,IBM,288.35,300.82,287.65,299.52,7181500,3.87,286.9,274.452
2026-07-07 00:00:00-04:00,IBM,305.66,311.8,300.49,306.13,8601500,0.15,292.52599999999995,279.843
2026-06-08 00:00:00-04:00,INTC,111.0,112.54,106.66,110.27,136973900,-0.66,,
2026-06-09 00:00:00-04:00,INTC,112.99,114.0,99.46,107.92,149623100,-4.49,,
2026-06-10 00:00:00-04:00,INTC,106.03,111.5,104.92,107.04,122653500,0.95,,
2026-06-11 00:00:00-04:00,INTC,113.52,119.44,110.51,116.96,188430300,3.03,,
2026-06-12 00:00:00-04:00,INTC,117.42,127.6,115.33,124.57,151169400,6.09,113.352,
2026-06-15 00:00:00-04:00,INTC,129.49,132.61,126.66,127.86,134507500,-1.26,116.87,
2026-06-16 00:00:00-04:00,INTC,125.11,128.7,116.0,117.05,132962600,-6.44,118.696,
2026-06-17 00:00:00-04:00,INTC,121.85,125.2,118.06,121.1,115324900,-0.62,121.508,
2026-06-18 00:00:00-04:00,INTC,131.81,135.48,127.9,133.99,233906600,1.65,124.91399999999999,
2026-06-22 00:00:00-04:00,INTC,139.12,141.45,136.21,140.94,127190600,1.31,128.18800000000002,120.77000000000001
2026-06-23 00:00:00-04:00,INTC,129.73,137.98,128.3,132.28,132976700,1.97,129.072,122.971
2026-06-24 00:00:00-04:00,INTC,133.05,136.08,127.95,131.65,104591700,-1.05,131.99200000000002,125.34400000000001
2026-06-25 00:00:00-04:00,INTC,139.73,140.72,125.41,132.87,122588800,-4.91,134.346,127.92699999999999
2026-06-26 00:00:00-04:00,INTC,128.71,131.23,125.5,128.32,99475400,-0.3,133.212,129.063
2026-06-29 00:00:00-04:00,INTC,127.0,132.05,118.5,131.72,106805300,3.72,131.368,129.778
2026-06-30 00:00:00-04:00,INTC,131.99,142.35,131.52,139.63,116996700,5.79,132.838,130.955
2026-07-01 00:00:00-04:00,INTC,135.0,135.74,126.68,127.02,113107200,-5.91,131.91199999999998,131.952
2026-07-02 00:00:00-04:00,INTC,128.92,130.74,117.63,120.35,124577600,-6.65,129.408,131.877
2026-07-06 00:00:00-04:00,INTC,122.57,127.3,121.52,122.2,86950200,-0.3,128.18400000000003,130.698
2026-07-07 00:00:00-04:00,INTC,116.3,116.47,108.3,110.39,139801400,-5.08,123.918,127.64299999999999
2026-06-08 00:00:00-04:00,JPM,311.85,314.88,309.39,309.71,6827000,-0.69,,
2026-06-09 00:00:00-04:00,JPM,312.1,315.0,307.62,311.3,11594600,-0.26,,
2026-06-10 00:00:00-04:00,JPM,311.16,313.34,307.64,307.75,7446200,-1.1,,
2026-06-11 00:00:00-04:00,JPM,308.17,313.31,307.49,312.08,9116600,1.27,,
2026-06-12 00:00:00-04:00,JPM,314.55,319.86,314.13,319.28,7426200,1.5,312.024,
2026-06-15 00:00:00-04:00,JPM,322.47,324.46,317.41,317.97,7988900,-1.4,313.676,
2026-06-16 00:00:00-04:00,JPM,322.85,330.26,322.57,329.65,11094900,2.11,317.346,
2026-06-17 00:00:00-04:00,JPM,330.69,336.26,330.01,331.96,12246400,0.38,322.188,
2026-06-18 00:00:00-04:00,JPM,335.44,336.57,322.71,323.76,20111000,-3.48,324.524,
2026-06-22 00:00:00-04:00,JPM,328.22,331.28,325.28,329.99,10182500,0.54,326.666,319.34499999999997
2026-06-23 00:00:00-04:00,JPM,327.99,333.87,325.74,332.64,7582200,1.42,329.6,321.63800000000003
2026-06-24 00:00:00-04:00,JPM,331.58,333.03,328.29,331.95,7907400,0.11,330.06,323.703
2026-06-25 00:00:00-04:00,JPM,333.46,341.91,333.26,333.62,10043100,0.05,330.392,326.28999999999996
2026-06-26 00:00:00-04:00,JPM,334.49,334.89,326.03,327.57,17640900,-2.07,331.154,327.839
2026-06-29 00:00:00-04:00,JPM,326.81,330.9,325.73,327.91,7981800,0.34,330.738,328.702
2026-06-30 00:00:00-04:00,JPM,327.42,328.96,325.21,325.86,8080100,-0.48,329.382,329.491
2026-07-01 00:00:00-04:00,JPM,326.9,334.13,323.55,332.57,15210200,1.73,329.506,329.783
2026-07-02 00:00:00-04:00,JPM,336.5,338.48,330.28,332.97,8413900,-1.05,329.37600000000003,329.884
2026-07-06 00:00:00-04:00,JPM,335.0,339.72,334.11,337.72,8673500,0.81,331.406,331.28000000000003
2026-07-07 00:00:00-04:00,JPM,340.98,341.4,337.09,339.22,7111300,-0.52,333.668,332.20300000000003
2026-06-08 00:00:00-04:00,META,591.45,591.45,578.68,584.85,19512400,-1.12,,
2026-06-09 00:00:00-04:00,META,590.45,597.08,580.47,584.05,16977400,-1.08,,
2026-06-10 00:00:00-04:00,META,580.19,590.77,570.07,570.45,17064000,-1.68,,
2026-06-11 00:00:00-04:00,META,565.31,571.64,556.49,567.9,17628000,0.46,,
2026-06-12 00:00:00-04:00,META,572.42,575.54,560.38,566.45,14326400,-1.04,574.74,
2026-06-15 00:00:00-04:00,META,579.9,601.27,579.3,593.48,17653300,2.34,576.466,
2026-06-16 00:00:00-04:00,META,593.65,605.81,592.0,600.21,11344400,1.11,579.698,
2026-06-17 00:00:00-04:00,META,592.0,593.81,566.19,567.58,20478300,-4.12,579.124,
2026-06-18 00:00:00-04:00,META,572.82,580.22,563.1,577.22,28824600,0.77,580.988,
2026-06-22 00:00:00-04:00,META,572.02,575.81,559.81,563.85,15405500,-1.43,580.4680000000001,577.604
2026-06-23 00:00:00-04:00,META,562.25,572.2,561.02,562.2,13103300,-0.01,574.2120000000001,575.3389999999999
2026-06-24 00:00:00-04:00,META,561.89,569.04,555.55,557.67,13963600,-0.75,565.7040000000001,572.701
2026-06-25 00:00:00-04:00,META,555.55,556.34,540.18,542.87,16968600,-2.28,560.762,569.943
2026-06-26 00:00:00-04:00,META,543.34,556.85,540.4,550.25,18867700,1.27,555.368,568.1780000000001
2026-06-29 00:00:00-04:00,META,560.0,570.9,558.0,562.6,15011400,0.46,555.1179999999999,567.793
2026-06-30 00:00:00-04:00,META,560.94,565.54,551.43,563.29,18111100,0.42,555.336,564.774
2026-07-01 00:00:00-04:00,META,607.91,628.28,595.1,612.91,45536300,0.82,566.384,566.044
2026-07-02 00:00:00-04:00,META,607.9,610.0,580.42,582.9,21705900,-4.11,574.39,567.576
2026-07-06 00:00:00-04:00,META,594.84,603.58,581.76,600.29,17674100,0.92,584.3979999999999,569.883
2026-07-07 00:00:00-04:00,META,607.59,625.37,603.66,615.58,18524000,1.32,594.994,575.056
2026-06-08 00:00:00-04:00,MSFT,414.14,417.16,408.56,411.74,32086700,-0.58,,
2026-06-09 00:00:00-04:00,MSFT,409.03,411.98,398.48,403.41,35317300,-1.37,,
2026-06-10 00:00:00-04:00,MSFT,398.55,405.04,397.16,397.36,32576000,-0.3,,
2026-06-11 00:00:00-04:00,MSFT,395.21,396.85,384.0,390.34,47224100,-1.23,,
2026-06-12 00:00:00-04:00,MSFT,391.43,391.74,382.27,390.74,34865800,-0.18,398.718,
2026-06-15 00:00:00-04:00,MSFT,396.8,401.75,392.85,399.76,32266400,0.75,396.322,
2026-06-16 00:00:00-04:00,MSFT,395.79,396.84,390.69,393.83,31506800,-0.5,394.406,
2026-06-17 00:00:00-04:00,MSFT,390.25,390.37,377.32,378.91,41987800,-2.91,390.716,
2026-06-18 00:00:00-04:00,MSFT,377.82,381.37,373.28,379.4,59714200,0.42,388.52799999999996,
2026-06-22 00:00:00-04:00,MSFT,375.74,381.63,367.07,367.34,45171100,-2.24,383.848,391.283
2026-06-23 00:00:00-04:00,MSFT,372.38,377.22,370.67,373.94,40647600,0.42,378.684,387.50300000000004
2026-06-24 00:00:00-04:00,MSFT,371.57,378.88,364.78,365.46,44509900,-1.64,373.01,383.70799999999997
2026-06-25 00:00:00-04:00,MSFT,362.77,364.23,349.2,352.83,66179000,-2.74,367.794,379.255
2026-06-26 00:00:00-04:00,MSFT,357.15,376.61,355.43,372.97,186201600,4.43,366.508,377.51800000000003
2026-06-29 00:00:00-04:00,MSFT,377.5,380.5,359.9,368.57,51229900,-2.37,366.754,375.301
2026-06-30 00:00:00-04:00,MSFT,371.03,374.15,367.45,373.02,44945700,0.54,366.57,372.627
2026-07-01 00:00:00-04:00,MSFT,380.83,388.83,374.89,384.28,48065800,0.91,370.33399999999995,371.672
2026-07-02 00:00:00-04:00,MSFT,384.48,392.2,383.7,390.49,42128900,1.56,377.866,372.83
2026-07-06 00:00:00-04:00,MSFT,387.04,389.15,381.22,386.74,34224500,-0.08,380.62,373.56399999999996
2026-07-07 00:00:00-04:00,MSFT,392.49,395.57,388.22,388.84,29209100,-0.93,384.674,375.714
2026-06-08 00:00:00-04:00,NFLX,81.66,83.08,81.34,82.64,33056700,1.2,,
2026-06-09 00:00:00-04:00,NFLX,82.13,82.34,81.34,81.41,34787200,-0.88,,
2026-06-10 00:00:00-04:00,NFLX,81.71,82.75,80.98,82.0,36304600,0.35,,
2026-06-11 00:00:00-04:00,NFLX,81.87,82.1,80.09,81.27,33417600,-0.73,,
2026-06-12 00:00:00-04:00,NFLX,81.58,82.0,79.28,80.34,35309700,-1.52,81.532,
2026-06-15 00:00:00-04:00,NFLX,80.62,81.71,80.46,81.67,36430800,1.3,81.338,
2026-06-16 00:00:00-04:00,NFLX,81.9,81.93,77.71,78.72,65054000,-3.88,80.8,
2026-06-17 00:00:00-04:00,NFLX,78.1,78.45,76.76,76.96,50338800,-1.46,79.792,
2026-06-18 00:00:00-04:00,NFLX,76.93,78.24,76.12,77.38,91920400,0.58,79.014,
2026-06-22 00:00:00-04:00,NFLX,76.14,77.09,71.81,72.88,82203300,-4.28,77.522,79.527
2026-06-23 00:00:00-04:00,NFLX,73.26,73.96,72.63,72.82,50806800,-0.6,75.752,78.545
2026-06-24 00:00:00-04:00,NFLX,72.69,73.45,71.63,71.84,48001500,-1.17,74.376,77.588
2026-06-25 00:00:00-04:00,NFLX,71.33,72.94,70.86,70.9,44446900,-0.6,73.164,76.478
2026-06-26 00:00:00-04:00,NFLX,71.69,75.2,71.53,73.81,74990300,2.96,72.45,75.732
2026-06-29 00:00:00-04:00,NFLX,74.62,76.07,73.73,73.78,42429600,-1.13,72.63,75.076
2026-06-30 00:00:00-04:00,NFLX,73.59,73.75,71.0,71.4,49240900,-2.98,72.346,74.049
2026-07-01 00:00:00-04:00,NFLX,72.59,74.36,72.33,74.19,43841800,2.2,72.816,73.596
2026-07-02 00:00:00-04:00,NFLX,75.09,78.44,74.91,77.65,55456500,3.41,74.16600000000001,73.66499999999999
2026-07-06 00:00:00-04:00,NFLX,77.08,77.84,75.71,76.02,45056600,-1.38,74.608,73.529
2026-07-07 00:00:00-04:00,NFLX,77.88,78.19,76.1,76.18,33185600,-2.18,75.088,73.85900000000001
2026-06-08 00:00:00-04:00,NKE,43.06,43.86,42.65,43.23,18192000,0.39,,
2026-06-09 00:00:00-04:00,NKE,43.52,45.28,43.27,44.65,21505800,2.6,,
2026-06-10 00:00:00-04:00,NKE,43.77,44.58,43.31,43.96,15335600,0.43,,
2026-06-11 00:00:00-04:00,NKE,44.52,45.98,44.22,45.96,16647500,3.23,,
2026-06-12 00:00:00-04:00,NKE,46.29,46.31,44.85,44.93,16524300,-2.94,44.546,
2026-06-15 00:00:00-04:00,NKE,45.36,46.09,45.09,45.2,14345100,-0.35,44.940000000000005,
2026-06-16 00:00:00-04:00,NKE,45.51,46.1,45.0,45.04,19591400,-1.03,45.018,
2026-06-17 00:00:00-04:00,NKE,44.9,45.85,44.16,44.19,20859700,-1.58,45.064,
2026-06-18 00:00:00-04:00,NKE,44.41,45.71,44.24,45.2,32320300,1.78,44.912,
2026-06-22 00:00:00-04:00,NKE,44.62,44.91,43.14,43.19,25864500,-3.2,44.564,44.555
2026-06-23 00:00:00-04:00,NKE,42.39,43.19,42.32,42.38,31517900,-0.02,44.0,44.47
2026-06-24 00:00:00-04:00,NKE,42.04,42.33,41.31,41.82,34384300,-0.52,43.356,44.187
2026-06-25 00:00:00-04:00,NKE,41.8,41.86,40.44,40.9,29228300,-2.15,42.698,43.881
2026-06-26 00:00:00-04:00,NKE,40.07,41.47,40.0,40.75,33970700,1.7,41.80800000000001,43.36
2026-06-29 00:00:00-04:00,NKE,41.14,41.69,40.77,41.48,27824700,0.83,41.466,43.015
2026-06-30 00:00:00-04:00,NKE,41.38,41.64,40.89,41.05,73891500,-0.8,41.2,42.6
2026-07-01 00:00:00-04:00,NKE,41.4,43.28,40.11,43.06,80185700,4.01,41.448,42.402
2026-07-02 00:00:00-04:00,NKE,44.11,45.04,43.6,44.09,34233400,-0.05,42.086,42.392
2026-07-06 00:00:00-04:00,NKE,43.9,44.11,41.84,43.34,21979100,-1.28,42.604,42.206
2026-07-07 00:00:00-04:00,NKE,43.72,44.04,42.88,43.21,17773400,-1.17,42.95,42.208
2026-06-08 00:00:00-04:00,NVDA,210.18,210.47,206.0,208.64,138372800,-0.73,,
2026-06-09 00:00:00-04:00,NVDA,210.62,211.4,199.34,208.19,180962500,-1.15,,
2026-06-10 00:00:00-04:00,NVDA,204.43,207.22,199.92,200.42,161746600,-1.96,,
2026-06-11 00:00:00-04:00,NVDA,201.49,205.66,199.54,204.87,158643200,1.68,,
2026-06-12 00:00:00-04:00,NVDA,204.86,207.07,203.44,205.19,112001800,0.16,205.462,
2026-06-15 00:00:00-04:00,NVDA,208.92,212.71,208.34,212.45,149936700,1.69,206.224,
2026-06-16 00:00:00-04:00,NVDA,211.18,211.49,207.29,207.41,125694100,-1.79,206.06799999999998,
2026-06-17 00:00:00-04:00,NVDA,208.53,209.21,203.08,204.65,128363500,-1.86,206.914,
2026-06-18 00:00:00-04:00,NVDA,207.33,211.39,206.5,210.69,241272000,1.62,208.07799999999997,
2026-06-22 00:00:00-04:00,NVDA,211.44,213.99,207.72,208.65,122041400,-1.32,208.76999999999998,207.11599999999999
2026-06-23 00:00:00-04:00,NVDA,202.17,203.77,200.0,200.04,153496200,-1.05,206.288,206.256
2026-06-24 00:00:00-04:00,NVDA,200.12,201.67,196.58,199.0,151810700,-0.56,204.606,205.337
2026-06-25 00:00:00-04:00,NVDA,200.08,200.8,192.13,195.74,149550000,-2.17,202.824,204.869
2026-06-26 00:00:00-04:00,NVDA,193.12,195.55,191.22,192.53,179304100,-0.31,199.192,203.63500000000002
2026-06-29 00:00:00-04:00,NVDA,193.85,196.18,189.8,194.97,148835700,0.58,196.456,202.613
2026-06-30 00:00:00-04:00,NVDA,197.24,200.63,195.11,200.09,166476700,1.44,196.466,201.377
2026-07-01 00:00:00-04:00,NVDA,196.2,199.85,193.45,197.58,146147600,0.7,196.18200000000002,200.394
2026-07-02 00:00:00-04:00,NVDA,197.14,200.06,192.35,194.83,142068700,-1.17,196.0,199.412
2026-07-06 00:00:00-04:00,NVDA,194.42,197.55,193.99,195.55,108999000,0.58,196.604,197.898
2026-07-07 00:00:00-04:00,NVDA,192.37,198.41,191.14,196.93,123810500,2.37,196.996,196.726
2026-06-08 00:00:00-04:00,ORCL,217.75,219.06,209.33,211.82,17227200,-2.72,,
2026-06-09 00:00:00-04:00,ORCL,213.91,220.5,197.79,205.81,26040700,-3.79,,
2026-06-10 00:00:00-04:00,ORCL,198.5,212.48,198.18,201.26,46108300,1.39,,
2026-06-11 00:00:00-04:00,ORCL,179.67,184.77,175.28,184.1,63678500,2.47,,
2026-06-12 00:00:00-04:00,ORCL,185.01,185.58,179.0,184.13,29562300,-0.48,197.424,
2026-06-15 00:00:00-04:00,ORCL,187.39,195.32,186.21,192.64,20279900,2.8,193.588,
2026-06-16 00:00:00-04:00,ORCL,190.01,195.32,187.66,188.33,16985500,-0.88,190.092,
2026-06-17 00:00:00-04:00,ORCL,186.16,190.19,182.58,183.53,16616600,-1.41,186.546,
2026-06-18 00:00:00-04:00,ORCL,183.01,187.99,177.7,184.29,31386100,0.7,186.584,
2026-06-22 00:00:00-04:00,ORCL,182.31,184.58,174.4,175.07,22935400,-3.97,184.772,191.098
2026-06-23 00:00:00-04:00,ORCL,170.23,174.33,164.61,165.16,33327900,-2.98,179.276,186.432
2026-06-24 00:00:00-04:00,ORCL,162.48,165.75,155.35,157.53,38305000,-3.05,173.11599999999999,181.60399999999998
2026-06-25 00:00:00-04:00,ORCL,157.35,157.62,150.36,152.46,36844400,-3.11,166.902,176.724
2026-06-26 00:00:00-04:00,ORCL,150.26,153.54,148.0,148.53,36532100,-1.15,159.75,173.167
2026-06-29 00:00:00-04:00,ORCL,153.94,154.5,145.2,147.76,34310300,-4.01,154.288,169.53000000000003
2026-06-30 00:00:00-04:00,ORCL,147.25,149.93,144.48,146.55,35926900,-0.48,150.56599999999997,164.921
2026-07-01 00:00:00-04:00,ORCL,144.49,147.55,142.5,142.5,45964000,-1.38,147.56,160.33800000000002
2026-07-02 00:00:00-04:00,ORCL,143.3,147.06,138.83,140.27,44166700,-2.11,145.122,156.012
2026-07-06 00:00:00-04:00,ORCL,144.3,145.62,141.16,143.76,36683000,-0.37,144.168,151.959
2026-07-07 00:00:00-04:00,ORCL,143.72,145.56,137.55,141.6,47088000,-1.48,142.936,148.612
2026-06-08 00:00:00-04:00,QCOM,221.03,221.93,214.63,217.77,17180600,-1.47,,
2026-06-09 00:00:00-04:00,QCOM,216.46,219.64,192.67,205.42,29906300,-5.1,,
2026-06-10 00:00:00-04:00,QCOM,199.46,204.9,190.1,191.2,18426600,-4.14,,
2026-06-11 00:00:00-04:00,QCOM,190.92,203.84,190.75,202.96,18933100,6.31,,
2026-06-12 00:00:00-04:00,QCOM,201.85,215.01,200.1,211.72,14123700,4.89,205.814,
2026-06-15 00:00:00-04:00,QCOM,219.77,226.46,216.28,220.81,13993800,0.47,206.42200000000003,
2026-06-16 00:00:00-04:00,QCOM,225.83,231.19,213.8,214.07,19629600,-5.21,208.152,
2026-06-17 00:00:00-04:00,QCOM,219.04,221.32,212.68,212.97,11955800,-2.77,212.506,
2026-06-18 00:00:00-04:00,QCOM,220.71,229.42,214.73,226.11,47081500,2.45,217.13600000000002,
2026-06-22 00:00:00-04:00,QCOM,222.93,233.44,215.5,221.9,18203400,-0.46,219.17199999999997,212.493
2026-06-23 00:00:00-04:00,QCOM,207.34,209.18,198.44,204.13,23781900,-1.55,215.836,211.129
2026-06-24 00:00:00-04:00,QCOM,202.57,202.97,191.02,197.41,25519600,-2.55,212.504,210.32799999999997
2026-06-25 00:00:00-04:00,QCOM,219.43,219.43,199.82,204.9,34793200,-6.62,210.89000000000001,211.698
2026-06-26 00:00:00-04:00,QCOM,201.7,208.86,186.18,189.39,37128900,-6.1,203.546,210.34099999999998
2026-06-29 00:00:00-04:00,QCOM,193.03,194.59,183.58,188.72,21599500,-2.23,196.91,208.041
2026-06-30 00:00:00-04:00,QCOM,188.99,193.5,183.5,184.79,22056100,-2.22,193.042,204.43900000000002
2026-07-01 00:00:00-04:00,QCOM,183.59,190.99,181.6,181.92,23313200,-0.91,189.944,201.224
2026-07-02 00:00:00-04:00,QCOM,182.17,185.8,172.12,176.25,18661200,-3.25,184.214,197.552
2026-07-06 00:00:00-04:00,QCOM,178.13,188.67,177.1,186.48,15510500,4.69,183.632,193.589
2026-07-07 00:00:00-04:00,QCOM,179.0,185.88,179.0,182.97,16239200,2.22,182.482,189.69599999999997
2026-06-08 00:00:00-04:00,TSLA,396.33,412.94,394.72,408.95,50328800,3.18,,
2026-06-09 00:00:00-04:00,TSLA,411.03,418.5,384.24,396.68,59940200,-3.49,,
2026-06-10 00:00:00-04:00,TSLA,391.54,397.09,380.15,381.59,49695600,-2.54,,
2026-06-11 00:00:00-04:00,TSLA,388.28,399.54,380.66,399.15,45324300,2.8,,
2026-06-12 00:00:00-04:00,TSLA,399.49,406.68,386.76,406.43,63514500,1.74,398.56,
2026-06-15 00:00:00-04:00,TSLA,412.37,416.0,407.1,411.15,45620500,-0.3,399.0,
2026-06-16 00:00:00-04:00,TSLA,404.11,412.42,400.54,404.66,40255500,0.14,400.596,
2026-06-17 00:00:00-04:00,TSLA,401.53,405.94,393.76,396.38,43534300,-1.28,403.554,
2026-06-18 00:00:00-04:00,TSLA,398.1,402.52,384.7,400.49,58384700,0.6,403.822,
2026-06-22 00:00:00-04:00,TSLA,394.85,414.75,394.4,405.05,47819500,2.58,403.546,401.053
2026-06-23 00:00:00-04:00,TSLA,392.61,392.87,379.06,381.61,50420200,-2.8,397.63800000000003,398.319
2026-06-24 00:00:00-04:00,TSLA,380.08,384.58,373.05,375.53,37081400,-1.2,391.812,396.204
2026-06-25 00:00:00-04:00,TSLA,375.27,379.12,371.22,375.12,30138800,-0.04,387.56,395.557
2026-06-26 00:00:00-04:00,TSLA,370.15,387.8,368.6,379.71,53434100,2.58,383.404,393.613
2026-06-29 00:00:00-04:00,TSLA,381.79,413.27,379.3,411.84,57645800,7.87,384.762,394.154
2026-06-30 00:00:00-04:00,TSLA,406.0,424.54,406.0,420.6,43385600,3.6,392.55999999999995,395.09900000000005
2026-07-01 00:00:00-04:00,TSLA,421.46,432.86,418.09,425.3,40127900,0.91,402.514,397.16299999999995
2026-07-02 00:00:00-04:00,TSLA,428.01,432.35,389.3,393.45,73717700,-8.07,406.18,396.87
2026-07-06 00:00:00-04:00,TSLA,397.5,420.0,390.5,419.77,54727900,5.6,414.192,398.798
2026-07-07 00:00:00-04:00,TSLA,416.96,419.56,401.88,402.9,38043200,-3.37,412.404,398.58299999999997
