Date,Ticker,Open,High,Low,Close,Volume
2026-06-08 00:00:00-04:00,AAPL,308.74,317.4,301.17,301.54,77949100
2026-06-09 00:00:00-04:00,AAPL,300.28,300.75,287.78,290.55,70108800
2026-06-10 00:00:00-04:00,AAPL,290.74,294.75,287.38,291.58,52793300
2026-06-11 00:00:00-04:00,AAPL,293.72,297.0,289.59,295.63,42572500
2026-06-12 00:00:00-04:00,AAPL,296.03,297.14,289.62,291.13,38742100
2026-06-15 00:00:00-04:00,AAPL,294.12,297.78,291.7,296.42,45732600
2026-06-16 00:00:00-04:00,AAPL,295.25,300.48,293.97,299.24,39874400
2026-06-17 00:00:00-04:00,AAPL,300.85,302.07,294.36,295.95,42745100
2026-06-18 00:00:00-04:00,AAPL,298.11,300.57,295.62,298.01,85962200
2026-06-22 00:00:00-04:00,AAPL,297.31,302.42,296.76,297.01,44879900
2026-06-23 00:00:00-04:00,AAPL,297.54,301.64,294.18,294.3,52010900
2026-06-24 00:00:00-04:00,AAPL,295.36,299.7,292.94,293.08,53081900
2026-06-25 00:00:00-04:00,AAPL,287.4,288.8,273.75,275.15,107013700
2026-06-26 00:00:00-04:00,AAPL,275.0,285.95,274.21,283.78,261775500
2026-06-29 00:00:00-04:00,AAPL,286.73,288.37,279.85,281.74,66427000
2026-06-30 00:00:00-04:00,AAPL,281.17,289.94,280.7,289.36,65100200
2026-07-01 00:00:00-04:00,AAPL,293.44,296.59,289.2,294.38,50164200
2026-07-02 00:00:00-04:00,AAPL,294.12,309.42,293.68,308.63,75352800
2026-07-06 00:00:00-04:00,AAPL,307.36,314.2,307.0,312.66,53590000
2026-07-07 00:00:00-04:00,AAPL,315.29,315.48,310.15,310.66,42426500
2026-06-08 00:00:00-04:00,MSFT,414.14,417.16,408.56,411.74,32086700
2026-06-09 00:00:00-04:00,MSFT,409.03,411.98,398.48,403.41,35317300
2026-06-10 00:00:00-04:00,MSFT,398.55,405.04,397.16,397.36,32576000
2026-06-11 00:00:00-04:00,MSFT,395.21,396.85,384.0,390.34,47224100
2026-06-12 00:00:00-04:00,MSFT,391.43,391.74,382.27,390.74,34865800
2026-06-15 00:00:00-04:00,MSFT,396.8,401.75,392.85,399.76,32266400
2026-06-16 00:00:00-04:00,MSFT,395.79,396.84,390.69,393.83,31506800
2026-06-17 00:00:00-04:00,MSFT,390.25,390.37,377.32,378.91,41987800
2026-06-18 00:00:00-04:00,MSFT,377.82,381.37,373.28,379.4,59714200
2026-06-22 00:00:00-04:00,MSFT,375.74,381.63,367.07,367.34,45171100
2026-06-23 00:00:00-04:00,MSFT,372.38,377.22,370.67,373.94,40647600
2026-06-24 00:00:00-04:00,MSFT,371.57,378.88,364.78,365.46,44509900
2026-06-25 00:00:00-04:00,MSFT,362.77,364.23,349.2,352.83,66179000
2026-06-26 00:00:00-04:00,MSFT,357.15,376.61,355.43,372.97,186201600
2026-06-29 00:00:00-04:00,MSFT,377.5,380.5,359.9,368.57,51229900
2026-06-30 00:00:00-04:00,MSFT,371.03,374.15,367.45,373.02,44945700
2026-07-01 00:00:00-04:00,MSFT,380.83,388.83,374.89,384.28,48065800
2026-07-02 00:00:00-04:00,MSFT,384.48,392.2,383.7,390.49,42128900
2026-07-06 00:00:00-04:00,MSFT,387.04,389.15,381.22,386.74,34224500
2026-07-07 00:00:00-04:00,MSFT,392.49,395.57,388.22,388.84,29209100
2026-06-08 00:00:00-04:00,GOOGL,365.18,366.2,360.53,363.31,27942500
2026-06-09 00:00:00-04:00,GOOGL,367.09,372.08,357.3,364.26,29535100
2026-06-10 00:00:00-04:00,GOOGL,363.19,368.56,355.2,356.38,32357100
2026-06-11 00:00:00-04:00,GOOGL,355.93,358.8,346.36,357.77,35538200
2026-06-12 00:00:00-04:00,GOOGL,362.62,366.57,354.94,359.68,24704600
2026-06-15 00:00:00-04:00,GOOGL,367.93,372.99,366.55,369.35,27727500
2026-06-16 00:00:00-04:00,GOOGL,369.6,376.0,367.06,373.25,24876100
2026-06-17 00:00:00-04:00,GOOGL,369.13,372.33,362.02,363.79,24543600
2026-06-18 00:00:00-04:00,GOOGL,365.75,369.48,358.67,368.03,44470100
2026-06-22 00:00:00-04:00,GOOGL,357.95,358.92,341.72,349.68,52814800
2026-06-23 00:00:00-04:00,GOOGL,340.69,349.29,340.2,346.13,34007700
2026-06-24 00:00:00-04:00,GOOGL,349.04,353.48,341.93,345.29,44997300
2026-06-25 00:00:00-04:00,GOOGL,336.73,345.57,335.84,343.71,44491400
2026-06-26 00:00:00-04:00,GOOGL,342.55,346.36,330.2,337.39,114706300
2026-06-29 00:00:00-04:00,GOOGL,341.83,354.35,340.67,353.65,34213900
2026-06-30 00:00:00-04:00,GOOGL,353.87,358.62,350.4,357.37,35237200
2026-07-01 00:00:00-04:00,GOOGL,358.37,362.97,356.43,361.21,26736400
2026-07-02 00:00:00-04:00,GOOGL,359.48,364.21,353.42,359.91,25974800
2026-07-06 00:00:00-04:00,GOOGL,361.55,367.93,357.38,366.46,26915800
2026-07-07 00:00:00-04:00,GOOGL,369.07,373.16,365.5,367.03,24008000
2026-06-08 00:00:00-04:00,AMZN,246.68,249.42,243.36,245.22,33899500
2026-06-09 00:00:00-04:00,AMZN,247.73,250.43,240.4,244.19,44425400
2026-06-10 00:00:00-04:00,AMZN,243.61,244.07,237.45,238.0,38590200
2026-06-11 00:00:00-04:00,AMZN,237.93,242.14,235.18,241.51,41335400
2026-06-12 00:00:00-04:00,AMZN,243.21,243.36,233.59,238.55,51186600
2026-06-15 00:00:00-04:00,AMZN,245.02,247.81,244.73,246.02,41711600
2026-06-16 00:00:00-04:00,AMZN,248.0,249.51,245.45,246.0,35187400
2026-06-17 00:00:00-04:00,AMZN,244.9,245.91,236.0,237.5,44780800
2026-06-18 00:00:00-04:00,AMZN,240.12,245.73,236.02,244.39,75624400
2026-06-22 00:00:00-04:00,AMZN,240.08,242.0,232.24,232.79,68388500
2026-06-23 00:00:00-04:00,AMZN,232.55,236.87,232.0,234.11,60492600
2026-06-24 00:00:00-04:00,AMZN,233.85,242.42,232.95,234.27,70282600
2026-06-25 00:00:00-04:00,AMZN,232.02,232.32,225.55,227.01,77674100
2026-06-26 00:00:00-04:00,AMZN,227.21,233.9,226.13,232.69,248372100
2026-06-29 00:00:00-04:00,AMZN,234.22,249.71,233.8,240.14,77619200
2026-06-30 00:00:00-04:00,AMZN,237.35,241.54,237.17,238.34,66228300
2026-07-01 00:00:00-04:00,AMZN,239.75,244.9,234.9,241.7,53829900
2026-07-02 00:00:00-04:00,AMZN,241.61,246.72,241.08,242.67,48246400
2026-07-06 00:00:00-04:00,AMZN,243.8,246.04,240.88,244.16,40044000
2026-07-07 00:00:00-04:00,AMZN,246.98,248.93,242.7,245.98,40504100
2026-06-08 00:00:00-04:00,META,591.45,591.45,578.68,584.85,19512400
2026-06-09 00:00:00-04:00,META,590.45,597.08,580.47,584.05,16977400
2026-06-10 00:00:00-04:00,META,580.19,590.77,570.07,570.45,17064000
2026-06-11 00:00:00-04:00,META,565.31,571.64,556.49,567.9,17628000
2026-06-12 00:00:00-04:00,META,572.42,575.54,560.38,566.45,14326400
2026-06-15 00:00:00-04:00,META,579.9,601.27,579.3,593.48,17653300
2026-06-16 00:00:00-04:00,META,593.65,605.81,592.0,600.21,11344400
2026-06-17 00:00:00-04:00,META,592.0,593.81,566.19,567.58,20478300
2026-06-18 00:00:00-04:00,META,572.82,580.22,563.1,577.22,28824600
2026-06-22 00:00:00-04:00,META,572.02,575.81,559.81,563.85,15405500
2026-06-23 00:00:00-04:00,META,562.25,572.2,561.02,562.2,13103300
2026-06-24 00:00:00-04:00,META,561.89,569.04,555.55,557.67,13963600
2026-06-25 00:00:00-04:00,META,555.55,556.34,540.18,542.87,16968600
2026-06-26 00:00:00-04:00,META,543.34,556.85,540.4,550.25,18867700
2026-06-29 00:00:00-04:00,META,560.0,570.9,558.0,562.6,15011400
2026-06-30 00:00:00-04:00,META,560.94,565.54,551.43,563.29,18111100
2026-07-01 00:00:00-04:00,META,607.91,628.28,595.1,612.91,45536300
2026-07-02 00:00:00-04:00,META,607.9,610.0,580.42,582.9,21705900
2026-07-06 00:00:00-04:00,META,594.84,603.58,581.76,600.29,17674100
2026-07-07 00:00:00-04:00,META,607.59,625.37,603.66,615.58,18524000
2026-06-08 00:00:00-04:00,TSLA,396.33,412.94,394.72,408.95,50328800
2026-06-09 00:00:00-04:00,TSLA,411.03,418.5,384.24,396.68,59940200
2026-06-10 00:00:00-04:00,TSLA,391.54,397.09,380.15,381.59,49695600
2026-06-11 00:00:00-04:00,TSLA,388.28,399.54,380.66,399.15,45324300
2026-06-12 00:00:00-04:00,TSLA,399.49,406.68,386.76,406.43,63514500
2026-06-15 00:00:00-04:00,TSLA,412.37,416.0,407.1,411.15,45620500
2026-06-16 00:00:00-04:00,TSLA,404.11,412.42,400.54,404.66,40255500
2026-06-17 00:00:00-04:00,TSLA,401.53,405.94,393.76,396.38,43534300
2026-06-18 00:00:00-04:00,TSLA,398.1,402.52,384.7,400.49,58384700
2026-06-22 00:00:00-04:00,TSLA,394.85,414.75,394.4,405.05,47819500
2026-06-23 00:00:00-04:00,TSLA,392.61,392.87,379.06,381.61,50420200
2026-06-24 00:00:00-04:00,TSLA,380.08,384.58,373.05,375.53,37081400
2026-06-25 00:00:00-04:00,TSLA,375.27,379.12,371.22,375.12,30138800
2026-06-26 00:00:00-04:00,TSLA,370.15,387.8,368.6,379.71,53434100
2026-06-29 00:00:00-04:00,TSLA,381.79,413.27,379.3,411.84,57645800
2026-06-30 00:00:00-04:00,TSLA,406.0,424.54,406.0,420.6,43385600
2026-07-01 00:00:00-04:00,TSLA,421.46,432.86,418.09,425.3,40127900
2026-07-02 00:00:00-04:00,TSLA,428.01,432.35,389.3,393.45,73717700
2026-07-06 00:00:00-04:00,TSLA,397.5,420.0,390.5,419.77,54727900
2026-07-07 00:00:00-04:00,TSLA,416.96,419.56,401.88,402.9,38043200
2026-06-08 00:00:00-04:00,NVDA,210.18,210.47,206.0,208.64,138372800
2026-06-09 00:00:00-04:00,NVDA,210.62,211.4,199.34,208.19,180962500
2026-06-10 00:00:00-04:00,NVDA,204.43,207.22,199.92,200.42,161746600
2026-06-11 00:00:00-04:00,NVDA,201.49,205.66,199.54,204.87,158643200
2026-06-12 00:00:00-04:00,NVDA,204.86,207.07,203.44,205.19,112001800
2026-06-15 00:00:00-04:00,NVDA,208.92,212.71,208.34,212.45,149936700
2026-06-16 00:00:00-04:00,NVDA,211.18,211.49,207.29,207.41,125694100
2026-06-17 00:00:00-04:00,NVDA,208.53,209.21,203.08,204.65,128363500
2026-06-18 00:00:00-04:00,NVDA,207.33,211.39,206.5,210.69,241272000
2026-06-22 00:00:00-04:00,NVDA,211.44,213.99,207.72,208.65,122041400
2026-06-23 00:00:00-04:00,NVDA,202.17,203.77,200.0,200.04,153496200
2026-06-24 00:00:00-04:00,NVDA,200.12,201.67,196.58,199.0,151810700
2026-06-25 00:00:00-04:00,NVDA,200.08,200.8,192.13,195.74,149550000
2026-06-26 00:00:00-04:00,NVDA,193.12,195.55,191.22,192.53,179304100
2026-06-29 00:00:00-04:00,NVDA,193.85,196.18,189.8,194.97,148835700
2026-06-30 00:00:00-04:00,NVDA,197.24,200.63,195.11,200.09,166476700
2026-07-01 00:00:00-04:00,NVDA,196.2,199.85,193.45,197.58,146147600
2026-07-02 00:00:00-04:00,NVDA,197.14,200.06,192.35,194.83,142068700
2026-07-06 00:00:00-04:00,NVDA,194.42,197.55,193.99,195.55,108999000
2026-07-07 00:00:00-04:00,NVDA,192.37,198.41,191.14,196.93,123810500
2026-06-08 00:00:00-04:00,NFLX,81.66,83.08,81.34,82.64,33056700
2026-06-09 00:00:00-04:00,NFLX,82.13,82.34,81.34,81.41,34787200
2026-06-10 00:00:00-04:00,NFLX,81.71,82.75,80.98,82.0,36304600
2026-06-11 00:00:00-04:00,NFLX,81.87,82.1,80.09,81.27,33417600
2026-06-12 00:00:00-04:00,NFLX,81.58,82.0,79.28,80.34,35309700
2026-06-15 00:00:00-04:00,NFLX,80.62,81.71,80.46,81.67,36430800
2026-06-16 00:00:00-04:00,NFLX,81.9,81.93,77.71,78.72,65054000
2026-06-17 00:00:00-04:00,NFLX,78.1,78.45,76.76,76.96,50338800
2026-06-18 00:00:00-04:00,NFLX,76.93,78.24,76.12,77.38,91920400
2026-06-22 00:00:00-04:00,NFLX,76.14,77.09,71.81,72.88,82203300
2026-06-23 00:00:00-04:00,NFLX,73.26,73.96,72.63,72.82,50806800
2026-06-24 00:00:00-04:00,NFLX,72.69,73.45,71.63,71.84,48001500
2026-06-25 00:00:00-04:00,NFLX,71.33,72.94,70.86,70.9,44446900
2026-06-26 00:00:00-04:00,NFLX,71.69,75.2,71.53,73.81,74990300
2026-06-29 00:00:00-04:00,NFLX,74.62,76.07,73.73,73.78,42429600
2026-06-30 00:00:00-04:00,NFLX,73.59,73.75,71.0,71.4,49240900
2026-07-01 00:00:00-04:00,NFLX,72.59,74.36,72.33,74.19,43841800
2026-07-02 00:00:00-04:00,NFLX,75.09,78.44,74.91,77.65,55456500
2026-07-06 00:00:00-04:00,NFLX,77.08,77.84,75.71,76.02,45056600
2026-07-07 00:00:00-04:00,NFLX,77.88,78.19,76.1,76.18,33185600
2026-06-08 00:00:00-04:00,AMD,485.0,494.97,477.71,490.33,25158800
2026-06-09 00:00:00-04:00,AMD,502.75,505.0,437.23,475.51,37799800
2026-06-10 00:00:00-04:00,AMD,467.97,477.45,448.33,452.4,27777400
2026-06-11 00:00:00-04:00,AMD,461.6,490.46,458.02,488.45,30463100
2026-06-12 00:00:00-04:00,AMD,499.69,521.71,494.0,511.57,31553100
2026-06-15 00:00:00-04:00,AMD,535.75,558.37,530.5,547.26,33482400
2026-06-16 00:00:00-04:00,AMD,546.89,548.95,507.25,507.29,28411700
2026-06-17 00:00:00-04:00,AMD,529.66,532.5,507.3,512.48,27085300
2026-06-18 00:00:00-04:00,AMD,531.58,539.69,526.32,537.37,43805600
2026-06-22 00:00:00-04:00,AMD,545.5,562.99,535.71,551.63,25983200
2026-06-23 00:00:00-04:00,AMD,509.08,528.49,506.81,519.85,30196800
2026-06-24 00:00:00-04:00,AMD,520.82,524.96,503.5,519.74,26548300
2026-06-25 00:00:00-04:00,AMD,543.93,550.88,507.0,532.57,27031300
2026-06-26 00:00:00-04:00,AMD,519.8,525.11,502.61,521.58,52705100
2026-06-29 00:00:00-04:00,AMD,522.84,542.19,495.35,539.49,26671000
2026-06-30 00:00:00-04:00,AMD,545.57,584.73,545.57,580.91,34488500
2026-07-01 00:00:00-04:00,AMD,557.53,564.09,538.74,540.88,28326800
2026-07-02 00:00:00-04:00,AMD,538.16,547.65,506.0,517.82,28142500
2026-07-06 00:00:00-04:00,AMD,535.35,572.5,527.0,552.05,30684200
2026-07-07 00:00:00-04:00,AMD,515.91,524.97,503.11,516.11,29062100
2026-06-08 00:00:00-04:00,INTC,111.0,112.54,106.66,110.27,136973900
2026-06-09 00:00:00-04:00,INTC,112.99,114.0,99.46,107.92,149623100
2026-06-10 00:00:00-04:00,INTC,106.03,111.5,104.92,107.04,122653500
2026-06-11 00:00:00-04:00,INTC,113.52,119.44,110.51,116.96,188430300
2026-06-12 00:00:00-04:00,INTC,117.42,127.6,115.33,124.57,151169400
2026-06-15 00:00:00-04:00,INTC,129.49,132.61,126.66,127.86,134507500
2026-06-16 00:00:00-04:00,INTC,125.11,128.7,116.0,117.05,132962600
2026-06-17 00:00:00-04:00,INTC,121.85,125.2,118.06,121.1,115324900
2026-06-18 00:00:00-04:00,INTC,131.81,135.48,127.9,133.99,233906600
2026-06-22 00:00:00-04:00,INTC,139.12,141.45,136.21,140.94,127190600
2026-06-23 00:00:00-04:00,INTC,129.73,137.98,128.3,132.28,132976700
2026-06-24 00:00:00-04:00,INTC,133.05,136.08,127.95,131.65,104591700
2026-06-25 00:00:00-04:00,INTC,139.73,140.72,125.41,132.87,122588800
2026-06-26 00:00:00-04:00,INTC,128.71,131.23,125.5,128.32,99475400
2026-06-29 00:00:00-04:00,INTC,127.0,132.05,118.5,131.72,106805300
2026-06-30 00:00:00-04:00,INTC,131.99,142.35,131.52,139.63,116996700
2026-07-01 00:00:00-04:00,INTC,135.0,135.74,126.68,127.02,113107200
2026-07-02 00:00:00-04:00,INTC,128.92,130.74,117.63,120.35,124577600
2026-07-06 00:00:00-04:00,INTC,122.57,127.3,121.52,122.2,86950200
2026-07-07 00:00:00-04:00,INTC,116.3,116.47,108.3,110.39,139801400
2026-06-08 00:00:00-04:00,IBM,286.44,290.5,279.43,280.82,6790600
2026-06-09 00:00:00-04:00,IBM,281.14,283.59,271.29,277.49,9007900
2026-06-10 00:00:00-04:00,IBM,273.82,280.51,271.33,272.36,5497100
2026-06-11 00:00:00-04:00,IBM,268.0,276.48,266.5,274.85,7558300
2026-06-12 00:00:00-04:00,IBM,278.94,278.94,267.68,272.24,5748900
2026-06-15 00:00:00-04:00,IBM,272.0,272.25,264.8,268.71,7178800
2026-06-16 00:00:00-04:00,IBM,270.87,276.62,268.61,270.81,4917600
2026-06-17 00:00:00-04:00,IBM,266.35,268.87,261.88,262.35,5537000
2026-06-18 00:00:00-04:00,IBM,251.38,252.47,243.68,249.1,16619700
2026-06-22 00:00:00-04:00,IBM,248.43,253.31,243.81,252.22,9615400
2026-06-23 00:00:00-04:00,IBM,261.58,267.53,255.26,264.94,15686100
2026-06-24 00:00:00-04:00,IBM,261.84,265.07,256.18,262.96,8149900
2026-06-25 00:00:00-04:00,IBM,267.67,268.76,256.0,258.27,8520700
2026-06-26 00:00:00-04:00,IBM,258.94,273.14,258.28,271.63,9719900
2026-06-29 00:00:00-04:00,IBM,274.3,278.15,269.06,278.0,6464200
2026-06-30 00:00:00-04:00,IBM,273.21,282.57,271.12,281.21,7458400
2026-07-01 00:00:00-04:00,IBM,279.66,294.49,278.96,286.25,6905800
2026-07-02 00:00:00-04:00,IBM,283.14,290.93,282.28,289.52,5944100
2026-07-06 00:00:00-04:00,IBM,288.35,300.82,287.65,299.52,7181500
2026-07-07 00:00:00-04:00,IBM,305.66,311.8,300.49,306.13,8601500
2026-06-08 00:00:00-04:00,ORCL,217.75,219.06,209.33,211.82,17227200
2026-06-09 00:00:00-04:00,ORCL,213.91,220.5,197.79,205.81,26040700
2026-06-10 00:00:00-04:00,ORCL,198.5,212.48,198.18,201.26,46108300
2026-06-11 00:00:00-04:00,ORCL,179.67,184.77,175.28,184.1,63678500
2026-06-12 00:00:00-04:00,ORCL,185.01,185.58,179.0,184.13,29562300
2026-06-15 00:00:00-04:00,ORCL,187.39,195.32,186.21,192.64,20279900
2026-06-16 00:00:00-04:00,ORCL,190.01,195.32,187.66,188.33,16985500
2026-06-17 00:00:00-04:00,ORCL,186.16,190.19,182.58,183.53,16616600
2026-06-18 00:00:00-04:00,ORCL,183.01,187.99,177.7,184.29,31386100
2026-06-22 00:00:00-04:00,ORCL,182.31,184.58,174.4,175.07,22935400
2026-06-23 00:00:00-04:00,ORCL,170.23,174.33,164.61,165.16,33327900
2026-06-24 00:00:00-04:00,ORCL,162.48,165.75,155.35,157.53,38305000
2026-06-25 00:00:00-04:00,ORCL,157.35,157.62,150.36,152.46,36844400
2026-06-26 00:00:00-04:00,ORCL,150.26,153.54,148.0,148.53,36532100
2026-06-29 00:00:00-04:00,ORCL,153.94,154.5,145.2,147.76,34310300
2026-06-30 00:00:00-04:00,ORCL,147.25,149.93,144.48,146.55,35926900
2026-07-01 00:00:00-04:00,ORCL,144.49,147.55,142.5,142.5,45964000
2026-07-02 00:00:00-04:00,ORCL,143.3,147.06,138.83,140.27,44166700
2026-07-06 00:00:00-04:00,ORCL,144.3,145.62,141.16,143.76,36683000
2026-07-07 00:00:00-04:00,ORCL,143.72,145.56,137.55,141.6,47088000
2026-06-08 00:00:00-04:00,CRM,183.44,184.54,181.24,182.08,11177800
2026-06-09 00:00:00-04:00,CRM,179.04,181.99,171.12,174.9,15427800
2026-06-10 00:00:00-04:00,CRM,170.16,175.08,169.59,170.48,10820500
2026-06-11 00:00:00-04:00,CRM,168.27,168.98,163.31,166.45,16666000
2026-06-12 00:00:00-04:00,CRM,164.74,166.54,161.4,165.89,13589400
2026-06-15 00:00:00-04:00,CRM,166.03,169.95,164.17,164.55,13541800
2026-06-16 00:00:00-04:00,CRM,164.06,166.3,160.5,161.71,16385300
2026-06-17 00:00:00-04:00,CRM,160.25,161.43,154.23,155.02,19986200
2026-06-18 00:00:00-04:00,CRM,152.73,154.47,149.8,151.78,57940800
2026-06-22 00:00:00-04:00,CRM,150.16,153.87,146.32,150.12,20502800
2026-06-23 00:00:00-04:00,CRM,151.65,155.18,150.85,153.42,20720700
2026-06-24 00:00:00-04:00,CRM,151.81,157.06,150.4,152.76,13146800
2026-06-25 00:00:00-04:00,CRM,150.01,154.0,148.78,150.19,11324700
2026-06-26 00:00:00-04:00,CRM,151.49,158.46,151.49,158.37,21267900
2026-06-29 00:00:00-04:00,CRM,160.27,161.76,157.7,157.93,12664100
2026-06-30 00:00:00-04:00,CRM,155.09,157.69,154.07,156.66,13690500
2026-07-01 00:00:00-04:00,CRM,162.22,165.81,161.2,163.23,14164600
2026-07-02 00:00:00-04:00,CRM,163.0,167.21,162.0,166.11,10486300
2026-07-06 00:00:00-04:00,CRM,163.99,167.72,162.37,165.65,10595500
2026-07-07 00:00:00-04:00,CRM,169.22,172.38,167.68,169.52,13051300
2026-06-08 00:00:00-04:00,ADBE,249.06,250.74,244.25,244.99,4728000
2026-06-09 00:00:00-04:00,ADBE,242.98,245.25,233.33,237.88,6747400
2026-06-10 00:00:00-04:00,ADBE,233.02,238.51,231.74,233.38,5176900
2026-06-11 00:00:00-04:00,ADBE,229.92,232.5,218.09,218.8,17786900
2026-06-12 00:00:00-04:00,ADBE,202.4,205.65,196.9,204.02,25030700
2026-06-15 00:00:00-04:00,ADBE,206.88,211.99,205.72,206.36,9676900
2026-06-16 00:00:00-04:00,ADBE,205.38,210.8,203.84,207.32,7214600
2026-06-17 00:00:00-04:00,ADBE,204.02,206.5,195.02,196.28,10731500
2026-06-18 00:00:00-04:00,ADBE,193.6,196.78,190.12,195.16,15852500
2026-06-22 00:00:00-04:00,ADBE,193.39,199.25,191.2,194.9,8282600
2026-06-23 00:00:00-04:00,ADBE,197.96,200.55,195.35,197.43,6910500
2026-06-24 00:00:00-04:00,ADBE,195.89,202.41,195.1,196.57,6947400
2026-06-25 00:00:00-04:00,ADBE,193.0,199.3,191.8,193.41,6957500
2026-06-26 00:00:00-04:00,ADBE,195.48,203.48,195.29,202.73,9172100
2026-06-29 00:00:00-04:00,ADBE,206.67,209.54,204.34,206.43,7527300
2026-06-30 00:00:00-04:00,ADBE,204.1,205.6,201.31,205.02,6269500
2026-07-01 00:00:00-04:00,ADBE,209.43,213.66,207.06,210.98,5863800
2026-07-02 00:00:00-04:00,ADBE,215.55,222.15,213.74,219.72,7903100
2026-07-06 00:00:00-04:00,ADBE,216.1,219.76,212.9,218.07,4800200
2026-07-07 00:00:00-04:00,ADBE,221.16,230.74,220.29,221.54,8610700
2026-06-08 00:00:00-04:00,QCOM,221.03,221.93,214.63,217.77,17180600
2026-06-09 00:00:00-04:00,QCOM,216.46,219.64,192.67,205.42,29906300
2026-06-10 00:00:00-04:00,QCOM,199.46,204.9,190.1,191.2,18426600
2026-06-11 00:00:00-04:00,QCOM,190.92,203.84,190.75,202.96,18933100
2026-06-12 00:00:00-04:00,QCOM,201.85,215.01,200.1,211.72,14123700
2026-06-15 00:00:00-04:00,QCOM,219.77,226.46,216.28,220.81,13993800
2026-06-16 00:00:00-04:00,QCOM,225.83,231.19,213.8,214.07,19629600
2026-06-17 00:00:00-04:00,QCOM,219.04,221.32,212.68,212.97,11955800
2026-06-18 00:00:00-04:00,QCOM,220.71,229.42,214.73,226.11,47081500
2026-06-22 00:00:00-04:00,QCOM,222.93,233.44,215.5,221.9,18203400
2026-06-23 00:00:00-04:00,QCOM,207.34,209.18,198.44,204.13,23781900
2026-06-24 00:00:00-04:00,QCOM,202.57,202.97,191.02,197.41,25519600
2026-06-25 00:00:00-04:00,QCOM,219.43,219.43,199.82,204.9,34793200
2026-06-26 00:00:00-04:00,QCOM,201.7,208.86,186.18,189.39,37128900
2026-06-29 00:00:00-04:00,QCOM,193.03,194.59,183.58,188.72,21599500
2026-06-30 00:00:00-04:00,QCOM,188.99,193.5,183.5,184.79,22056100
2026-07-01 00:00:00-04:00,QCOM,183.59,190.99,181.6,181.92,23313200
2026-07-02 00:00:00-04:00,QCOM,182.17,185.8,172.12,176.25,18661200
2026-07-06 00:00:00-04:00,QCOM,178.13,188.67,177.1,186.48,15510500
2026-07-07 00:00:00-04:00,QCOM,179.0,185.88,179.0,182.97,16239200
2026-06-08 00:00:00-04:00,CSCO,123.1,125.97,121.55,123.69,24288200
2026-06-09 00:00:00-04:00,CSCO,122.8,123.76,116.66,119.91,22744100
2026-06-10 00:00:00-04:00,CSCO,119.27,120.5,117.92,118.36,19740500
2026-06-11 00:00:00-04:00,CSCO,116.74,122.09,116.07,121.38,24625500
2026-06-12 00:00:00-04:00,CSCO,121.89,122.33,120.28,120.65,18222800
2026-06-15 00:00:00-04:00,CSCO,122.1,122.13,119.08,119.72,23148000
2026-06-16 00:00:00-04:00,CSCO,119.84,120.32,118.76,119.12,16644300
2026-06-17 00:00:00-04:00,CSCO,118.52,119.21,116.5,116.89,18472000
2026-06-18 00:00:00-04:00,CSCO,118.16,119.87,116.86,119.09,52284400
2026-06-22 00:00:00-04:00,CSCO,119.15,121.63,119.15,121.08,20174100
2026-06-23 00:00:00-04:00,CSCO,118.1,121.88,117.21,120.7,22654400
2026-06-24 00:00:00-04:00,CSCO,120.12,122.43,118.59,119.28,21752900
2026-06-25 00:00:00-04:00,CSCO,120.36,120.69,117.12,118.53,26918700
2026-06-26 00:00:00-04:00,CSCO,116.74,116.74,112.44,113.35,51641400
2026-06-29 00:00:00-04:00,CSCO,114.55,117.74,114.3,117.26,22447200
2026-06-30 00:00:00-04:00,CSCO,116.34,118.66,115.77,117.02,32465500
2026-07-01 00:00:00-04:00,CSCO,116.11,116.99,114.56,116.57,32016000
2026-07-02 00:00:00-04:00,CSCO,116.59,116.7,111.48,112.27,24251000
2026-07-06 00:00:00-04:00,CSCO,113.05,115.48,112.68,113.98,22920000
2026-07-07 00:00:00-04:00,CSCO,112.79,114.03,111.67,111.79,16645700
2026-06-08 00:00:00-04:00,AVGO,401.98,402.2,390.73,395.97,37099000
2026-06-09 00:00:00-04:00,AVGO,400.98,407.23,369.74,391.54,37026900
2026-06-10 00:00:00-04:00,AVGO,380.9,385.2,370.58,371.51,38193500
2026-06-11 00:00:00-04:00,AVGO,372.23,388.88,369.96,384.96,35187600
2026-06-12 00:00:00-04:00,AVGO,383.11,384.37,376.4,381.47,27600900
2026-06-15 00:00:00-04:00,AVGO,394.89,395.57,387.99,393.32,32394200
2026-06-16 00:00:00-04:00,AVGO,389.59,391.17,375.87,376.11,31573700
2026-06-17 00:00:00-04:00,AVGO,388.1,400.02,382.05,392.28,40005500
2026-06-18 00:00:00-04:00,AVGO,408.93,412.05,404.74,410.7,45076100
2026-06-22 00:00:00-04:00,AVGO,413.66,414.64,391.91,392.13,26403700
2026-06-23 00:00:00-04:00,AVGO,377.87,391.02,376.66,380.15,33122200
2026-06-24 00:00:00-04:00,AVGO,386.62,388.74,376.96,382.07,29938700
2026-06-25 00:00:00-04:00,AVGO,386.58,388.8,372.7,378.91,23353700
2026-06-26 00:00:00-04:00,AVGO,370.45,373.69,363.83,365.02,34839300
2026-06-29 00:00:00-04:00,AVGO,373.62,376.21,360.46,372.45,24285200
2026-06-30 00:00:00-04:00,AVGO,374.79,379.62,370.64,377.75,28517400
2026-07-01 00:00:00-04:00,AVGO,371.87,373.75,368.03,369.34,23712600
2026-07-02 00:00:00-04:00,AVGO,365.73,374.0,356.43,360.45,26749500
2026-07-06 00:00:00-04:00,AVGO,373.61,383.16,371.18,373.9,24544000
2026-07-07 00:00:00-04:00,AVGO,366.56,372.96,362.01,370.78,24064300
2026-06-08 00:00:00-04:00,JPM,311.85,314.88,309.39,309.71,6827000
2026-06-09 00:00:00-04:00,JPM,312.1,315.0,307.62,311.3,11594600
2026-06-10 00:00:00-04:00,JPM,311.16,313.34,307.64,307.75,7446200
2026-06-11 00:00:00-04:00,JPM,308.17,313.31,307.49,312.08,9116600
2026-06-12 00:00:00-04:00,JPM,314.55,319.86,314.13,319.28,7426200
2026-06-15 00:00:00-04:00,JPM,322.47,324.46,317.41,317.97,7988900
2026-06-16 00:00:00-04:00,JPM,322.85,330.26,322.57,329.65,11094900
2026-06-17 00:00:00-04:00,JPM,330.69,336.26,330.01,331.96,12246400
2026-06-18 00:00:00-04:00,JPM,335.44,336.57,322.71,323.76,20111000
2026-06-22 00:00:00-04:00,JPM,328.22,331.28,325.28,329.99,10182500
2026-06-23 00:00:00-04:00,JPM,327.99,333.87,325.74,332.64,7582200
2026-06-24 00:00:00-04:00,JPM,331.58,333.03,328.29,331.95,7907400
2026-06-25 00:00:00-04:00,JPM,333.46,341.91,333.26,333.62,10043100
2026-06-26 00:00:00-04:00,JPM,334.49,334.89,326.03,327.57,17640900
2026-06-29 00:00:00-04:00,JPM,326.81,330.9,325.73,327.91,7981800
2026-06-30 00:00:00-04:00,JPM,327.42,328.96,325.21,325.86,8080100
2026-07-01 00:00:00-04:00,JPM,326.9,334.13,323.55,332.57,15210200
2026-07-02 00:00:00-04:00,JPM,336.5,338.48,330.28,332.97,8413900
2026-07-06 00:00:00-04:00,JPM,335.0,339.72,334.11,337.72,8673500
2026-07-07 00:00:00-04:00,JPM,340.98,341.4,337.09,339.22,7111300
2026-06-08 00:00:00-04:00,NKE,43.06,43.86,42.65,43.23,18192000
2026-06-09 00:00:00-04:00,NKE,43.52,45.28,43.27,44.65,21505800
2026-06-10 00:00:00-04:00,NKE,43.77,44.58,43.31,43.96,15335600
2026-06-11 00:00:00-04:00,NKE,44.52,45.98,44.22,45.96,16647500
2026-06-12 00:00:00-04:00,NKE,46.29,46.31,44.85,44.93,16524300
2026-06-15 00:00:00-04:00,NKE,45.36,46.09,45.09,45.2,14345100
2026-06-16 00:00:00-04:00,NKE,45.51,46.1,45.0,45.04,19591400
2026-06-17 00:00:00-04:00,NKE,44.9,45.85,44.16,44.19,20859700
2026-06-18 00:00:00-04:00,NKE,44.41,45.71,44.24,45.2,32320300
2026-06-22 00:00:00-04:00,NKE,44.62,44.91,43.14,43.19,25864500
2026-06-23 00:00:00-04:00,NKE,42.39,43.19,42.32,42.38,31517900
2026-06-24 00:00:00-04:00,NKE,42.04,42.33,41.31,41.82,34384300
2026-06-25 00:00:00-04:00,NKE,41.8,41.86,40.44,40.9,29228300
2026-06-26 00:00:00-04:00,NKE,40.07,41.47,40.0,40.75,33970700
2026-06-29 00:00:00-04:00,NKE,41.14,41.69,40.77,41.48,27824700
2026-06-30 00:00:00-04:00,NKE,41.38,41.64,40.89,41.05,73891500
2026-07-01 00:00:00-04:00,NKE,41.4,43.28,40.11,43.06,80185700
2026-07-02 00:00:00-04:00,NKE,44.11,45.04,43.6,44.09,34233400
2026-07-06 00:00:00-04:00,NKE,43.9,44.11,41.84,43.34,21979100
2026-07-07 00:00:00-04:00,NKE,43.72,44.04,42.88,43.21,17773400
2026-06-08 00:00:00-04:00,DIS,98.76,99.08,97.66,98.12,7559200
2026-06-09 00:00:00-04:00,DIS,98.3,99.33,97.76,98.57,8616300
2026-06-10 00:00:00-04:00,DIS,98.73,99.0,97.21,97.86,7041400
2026-06-11 00:00:00-04:00,DIS,98.08,99.97,97.35,99.58,9264400
2026-06-12 00:00:00-04:00,DIS,100.29,101.0,98.78,99.28,8257200
2026-06-15 00:00:00-04:00,DIS,100.11,101.62,99.83,100.92,10265100
2026-06-16 00:00:00-04:00,DIS,100.66,101.15,99.29,100.51,10694600
2026-06-17 00:00:00-04:00,DIS,99.9,101.58,99.68,100.09,11168700
2026-06-18 00:00:00-04:00,DIS,101.03,103.43,100.03,103.1,22943600
2026-06-22 00:00:00-04:00,DIS,102.62,103.52,100.74,101.67,17396300
2026-06-23 00:00:00-04:00,DIS,101.24,103.25,101.03,102.74,14457400
2026-06-24 00:00:00-04:00,DIS,102.32,103.74,100.27,100.35,12215500
2026-06-25 00:00:00-04:00,DIS,100.34,100.81,97.24,97.3,12054400
2026-06-26 00:00:00-04:00,DIS,97.3,98.69,97.16,98.04,13921400
2026-06-29 00:00:00-04:00,DIS,98.95,99.28,97.75,97.88,10418100
2026-06-30 00:00:00-04:00,DIS,97.41,97.6,95.99,96.25,12717800
2026-07-01 00:00:00-04:00,DIS,96.55,97.76,95.65,95.71,11590400
2026-07-02 00:00:00-04:00,DIS,96.4,99.52,95.77,99.5,11297800
2026-07-06 00:00:00-04:00,DIS,98.85,99.44,97.02,97.41,10171900
2026-07-07 00:00:00-04:00,DIS,98.14,99.04,96.92,97.48,9929300
